pokedex_number,name,attack,defense,sp_attack,sp_defense,speed,hp,type1,type2,weight_kg,height_m,generation,is_legendary
1,Bulbasaur,49,49,65,65,45,45,grass,poison,6.9,0.7,1,0
2,Ivysaur,62,63,80,80,60,60,grass,poison,13,1,1,0
3,Venusaur,100,123,122,120,80,80,grass,poison,100,2,1,0
4,Charmander,52,43,60,50,65,39,fire,,8.5,0.6,1,0
5,Charmeleon,64,58,80,65,80,58,fire,,19,1.1,1,0
6,Charizard,104,78,159,115,100,78,fire,flying,90.5,1.7,1,0
7,Squirtle,48,65,50,64,43,44,water,,9,0.5,1,0
8,Wartortle,63,80,65,80,58,59,water,,22.5,1,1,0
9,Blastoise,103,120,135,115,78,79,water,,85.5,1.6,1,0
10,Caterpie,30,35,20,20,45,45,bug,,2.9,0.3,1,0
11,Metapod,20,55,25,25,30,50,bug,,9.9,0.7,1,0
12,Butterfree,45,50,90,80,70,60,bug,flying,32,1.1,1,0
13,Weedle,35,30,20,20,50,40,bug,poison,3.2,0.3,1,0
14,Kakuna,25,50,25,25,35,45,bug,poison,10,0.6,1,0
15,Beedrill,150,40,15,80,145,65,bug,poison,29.5,1,1,0
16,Pidgey,45,40,35,35,56,40,normal,flying,1.8,0.3,1,0
17,Pidgeotto,60,55,50,50,71,63,normal,flying,30,1.1,1,0
18,Pidgeot,80,80,135,80,121,83,normal,flying,39.5,1.5,1,0
19,Rattata,56,35,25,35,72,30,normal,dark,,,1,0
20,Raticate,71,70,40,80,77,75,normal,dark,,,1,0
21,Spearow,60,30,31,31,70,40,normal,flying,2,0.3,1,0
22,Fearow,90,65,61,61,100,65,normal,flying,38,1.2,1,0
23,Ekans,60,44,40,54,55,35,poison,,6.9,2,1,0
24,Arbok,95,69,65,79,80,60,poison,,65,3.5,1,0
25,Pikachu,55,40,50,50,90,35,electric,,6,0.4,1,0
26,Raichu,85,50,95,85,110,60,electric,electric,,,1,0
27,Sandshrew,75,90,10,35,40,50,ground,ice,,,1,0
28,Sandslash,100,120,25,65,65,75,ground,ice,,,1,0
29,Nidoran♀,47,52,40,40,41,55,poison,,7,0.4,1,0
30,Nidorina,62,67,55,55,56,70,poison,,20,0.8,1,0
31,Nidoqueen,92,87,75,85,76,90,poison,ground,60,1.3,1,0
32,Nidoran♂,57,40,40,40,50,46,poison,,9,0.5,1,0
33,Nidorino,72,57,55,55,65,61,poison,,19.5,0.9,1,0
34,Nidoking,102,77,85,75,85,81,poison,ground,62,1.4,1,0
35,Clefairy,45,48,60,65,35,70,fairy,,7.5,0.6,1,0
36,Clefable,70,73,95,90,60,95,fairy,,40,1.3,1,0
37,Vulpix,41,40,50,65,65,38,fire,ice,,,1,0
38,Ninetales,67,75,81,100,109,73,fire,ice,,,1,0
39,Jigglypuff,45,20,45,25,20,115,normal,fairy,5.5,0.5,1,0
40,Wigglytuff,70,45,85,50,45,140,normal,fairy,12,1,1,0
41,Zubat,45,35,30,40,55,40,poison,flying,7.5,0.8,1,0
42,Golbat,80,70,65,75,90,75,poison,flying,55,1.6,1,0
43,Oddish,50,55,75,65,30,45,grass,poison,5.4,0.5,1,0
44,Gloom,65,70,85,75,40,60,grass,poison,8.6,0.8,1,0
45,Vileplume,80,85,110,90,50,75,grass,poison,18.6,1.2,1,0
46,Paras,70,55,45,55,25,35,bug,grass,5.4,0.3,1,0
47,Parasect,95,80,60,80,30,60,bug,grass,29.5,1,1,0
48,Venonat,55,50,40,55,45,60,bug,poison,30,1,1,0
49,Venomoth,65,60,90,75,90,70,bug,poison,12.5,1.5,1,0
50,Diglett,55,30,35,45,90,10,ground,ground,,,1,0
51,Dugtrio,100,60,50,70,110,35,ground,ground,,,1,0
52,Meowth,35,35,50,40,90,40,normal,dark,,,1,0
53,Persian,60,60,75,65,115,65,normal,dark,,,1,0
54,Psyduck,52,48,65,50,55,50,water,,19.6,0.8,1,0
55,Golduck,82,78,95,80,85,80,water,,76.6,1.7,1,0
56,Mankey,80,35,35,45,70,40,fighting,,28,0.5,1,0
57,Primeape,105,60,60,70,95,65,fighting,,32,1,1,0
58,Growlithe,70,45,70,50,60,55,fire,,19,0.7,1,0
59,Arcanine,110,80,100,80,95,90,fire,,155,1.9,1,0
60,Poliwag,50,40,40,40,90,40,water,,12.4,0.6,1,0
61,Poliwhirl,65,65,50,50,90,65,water,,20,1,1,0
62,Poliwrath,95,95,70,90,70,90,water,fighting,54,1.3,1,0
63,Abra,20,15,105,55,90,25,psychic,,19.5,0.9,1,0
64,Kadabra,35,30,120,70,105,40,psychic,,56.5,1.3,1,0
65,Alakazam,50,65,175,105,150,55,psychic,,48,1.5,1,0
66,Machop,80,50,35,35,35,70,fighting,,19.5,0.8,1,0
67,Machoke,100,70,50,60,45,80,fighting,,70.5,1.5,1,0
68,Machamp,130,80,65,85,55,90,fighting,,130,1.6,1,0
69,Bellsprout,75,35,70,30,40,50,grass,poison,4,0.7,1,0
70,Weepinbell,90,50,85,45,55,65,grass,poison,6.4,1,1,0
71,Victreebel,105,65,100,70,70,80,grass,poison,15.5,1.7,1,0
72,Tentacool,40,35,50,100,70,40,water,poison,45.5,0.9,1,0
73,Tentacruel,70,65,80,120,100,80,water,poison,55,1.6,1,0
74,Geodude,80,100,30,30,20,40,rock,ground,,,1,0
75,Graveler,95,115,45,45,35,55,rock,ground,,,1,0
76,Golem,120,130,55,65,45,80,rock,ground,,,1,0
77,Ponyta,85,55,65,65,90,50,fire,,30,1,1,0
78,Rapidash,100,70,80,80,105,65,fire,,95,1.7,1,0
79,Slowpoke,65,65,40,40,15,90,water,psychic,36,1.2,1,0
80,Slowbro,75,180,130,80,30,95,water,psychic,78.5,1.6,1,0
81,Magnemite,35,70,95,55,45,25,electric,steel,6,0.3,1,0
82,Magneton,60,95,120,70,70,50,electric,steel,60,1,1,0
83,Farfetch'd,90,55,58,62,60,52,normal,flying,15,0.8,1,0
84,Doduo,85,45,35,35,75,35,normal,flying,39.2,1.4,1,0
85,Dodrio,110,70,60,60,110,60,normal,flying,85.2,1.8,1,0
86,Seel,45,55,45,70,45,65,water,,90,1.1,1,0
87,Dewgong,70,80,70,95,70,90,water,ice,120,1.7,1,0
88,Grimer,80,50,40,50,25,80,poison,poison,,,1,0
89,Muk,105,75,65,100,50,105,poison,poison,,,1,0
90,Shellder,65,100,45,25,40,30,water,,4,0.3,1,0
91,Cloyster,95,180,85,45,70,50,water,ice,132.5,1.5,1,0
92,Gastly,35,30,100,35,80,30,ghost,poison,0.1,1.3,1,0
93,Haunter,50,45,115,55,95,45,ghost,poison,0.1,1.6,1,0
94,Gengar,65,80,170,95,130,60,ghost,poison,40.5,1.5,1,0
95,Onix,45,160,30,45,70,35,rock,ground,210,8.8,1,0
96,Drowzee,48,45,43,90,42,60,psychic,,32.4,1,1,0
97,Hypno,73,70,73,115,67,85,psychic,,75.6,1.6,1,0
98,Krabby,105,90,25,25,50,30,water,,6.5,0.4,1,0
99,Kingler,130,115,50,50,75,55,water,,60,1.3,1,0
100,Voltorb,30,50,55,55,100,40,electric,,10.4,0.5,1,0
101,Electrode,50,70,80,80,150,60,electric,,66.6,1.2,1,0
102,Exeggcute,40,80,60,45,40,60,grass,psychic,2.5,0.4,1,0
103,Exeggutor,105,85,125,75,45,95,grass,psychic,,,1,0
104,Cubone,50,95,40,50,35,50,ground,,6.5,0.4,1,0
105,Marowak,80,110,50,80,45,60,ground,fire,,,1,0
106,Hitmonlee,120,53,35,110,87,50,fighting,,49.8,1.5,1,0
107,Hitmonchan,105,79,35,110,76,50,fighting,,50.2,1.4,1,0
108,Lickitung,55,75,60,75,30,90,normal,,65.5,1.2,1,0
109,Koffing,65,95,60,45,35,40,poison,,1,0.6,1,0
110,Weezing,90,120,85,70,60,65,poison,,9.5,1.2,1,0
111,Rhyhorn,85,95,30,30,25,80,ground,rock,115,1,1,0
112,Rhydon,130,120,45,45,40,105,ground,rock,120,1.9,1,0
113,Chansey,5,5,35,105,50,250,normal,,34.6,1.1,1,0
114,Tangela,55,115,100,40,60,65,grass,,35,1,1,0
115,Kangaskhan,125,100,60,100,100,105,normal,,80,2.2,1,0
116,Horsea,40,70,70,25,60,30,water,,8,0.4,1,0
117,Seadra,65,95,95,45,85,55,water,,25,1.2,1,0
118,Goldeen,67,60,35,50,63,45,water,,15,0.6,1,0
119,Seaking,92,65,65,80,68,80,water,,39,1.3,1,0
120,Staryu,45,55,70,55,85,30,water,,34.5,0.8,1,0
121,Starmie,75,85,100,85,115,60,water,psychic,80,1.1,1,0
122,Mr. Mime,45,65,100,120,90,40,psychic,fairy,54.5,1.3,1,0
123,Scyther,110,80,55,80,105,70,bug,flying,56,1.5,1,0
124,Jynx,50,35,115,95,95,65,ice,psychic,40.6,1.4,1,0
125,Electabuzz,83,57,95,85,105,65,electric,,30,1.1,1,0
126,Magmar,95,57,100,85,93,65,fire,,44.5,1.3,1,0
127,Pinsir,155,120,65,90,105,65,bug,,55,1.5,1,0
128,Tauros,100,95,40,70,110,75,normal,,88.4,1.4,1,0
129,Magikarp,10,55,15,20,80,20,water,,10,0.9,1,0
130,Gyarados,155,109,70,130,81,95,water,flying,235,6.5,1,0
131,Lapras,85,80,85,95,60,130,water,ice,220,2.5,1,0
132,Ditto,48,48,48,48,48,48,normal,,4,0.3,1,0
133,Eevee,55,50,45,65,55,55,normal,,6.5,0.3,1,0
134,Vaporeon,65,60,110,95,65,130,water,,29,1,1,0
135,Jolteon,65,60,110,95,130,65,electric,,24.5,0.8,1,0
136,Flareon,130,60,95,110,65,65,fire,,25,0.9,1,0
137,Porygon,60,70,85,75,40,65,normal,,36.5,0.8,1,0
138,Omanyte,40,100,90,55,35,35,rock,water,7.5,0.4,1,0
139,Omastar,60,125,115,70,55,70,rock,water,35,1,1,0
140,Kabuto,80,90,55,45,55,30,rock,water,11.5,0.5,1,0
141,Kabutops,115,105,65,70,80,60,rock,water,40.5,1.3,1,0
142,Aerodactyl,135,85,70,95,150,80,rock,flying,59,1.8,1,0
143,Snorlax,110,65,65,110,30,160,normal,,460,2.1,1,0
144,Articuno,85,100,95,125,85,90,ice,flying,55.4,1.7,1,1
145,Zapdos,90,85,125,90,100,90,electric,flying,52.6,1.6,1,1
146,Moltres,100,90,125,85,90,90,fire,flying,60,2,1,1
147,Dratini,64,45,50,50,50,41,dragon,,3.3,1.8,1,0
148,Dragonair,84,65,70,70,70,61,dragon,,16.5,4,1,0
149,Dragonite,134,95,100,100,80,91,dragon,flying,210,2.2,1,0
150,Mewtwo,150,70,194,120,140,106,psychic,,122,2,1,1
151,Mew,100,100,100,100,100,100,psychic,,4,0.4,1,1
152,Chikorita,49,65,49,65,45,45,grass,,6.4,0.9,2,0
153,Bayleef,62,80,63,80,60,60,grass,,15.8,1.2,2,0
154,Meganium,82,100,83,100,80,80,grass,,100.5,1.8,2,0
155,Cyndaquil,52,43,60,50,65,39,fire,,7.9,0.5,2,0
156,Quilava,64,58,80,65,80,58,fire,,19,0.9,2,0
157,Typhlosion,84,78,109,85,100,78,fire,,79.5,1.7,2,0
158,Totodile,65,64,44,48,43,50,water,,9.5,0.6,2,0
159,Croconaw,80,80,59,63,58,65,water,,25,1.1,2,0
160,Feraligatr,105,100,79,83,78,85,water,,88.8,2.3,2,0
161,Sentret,46,34,35,45,20,35,normal,,6,0.8,2,0
162,Furret,76,64,45,55,90,85,normal,,32.5,1.8,2,0
163,Hoothoot,30,30,36,56,50,60,normal,flying,21.2,0.7,2,0
164,Noctowl,50,50,86,96,70,100,normal,flying,40.8,1.6,2,0
165,Ledyba,20,30,40,80,55,40,bug,flying,10.8,1,2,0
166,Ledian,35,50,55,110,85,55,bug,flying,35.6,1.4,2,0
167,Spinarak,60,40,40,40,30,40,bug,poison,8.5,0.5,2,0
168,Ariados,90,70,60,70,40,70,bug,poison,33.5,1.1,2,0
169,Crobat,90,80,70,80,130,85,poison,flying,75,1.8,2,0
170,Chinchou,38,38,56,56,67,75,water,electric,12,0.5,2,0
171,Lanturn,58,58,76,76,67,125,water,electric,22.5,1.2,2,0
172,Pichu,40,15,35,35,60,20,electric,,2,0.3,2,0
173,Cleffa,25,28,45,55,15,50,fairy,,3,0.3,2,0
174,Igglybuff,30,15,40,20,15,90,normal,fairy,1,0.3,2,0
175,Togepi,20,65,40,65,20,35,fairy,,1.5,0.3,2,0
176,Togetic,40,85,80,105,40,55,fairy,flying,3.2,0.6,2,0
177,Natu,50,45,70,45,70,40,psychic,flying,2,0.2,2,0
178,Xatu,75,70,95,70,95,65,psychic,flying,15,1.5,2,0
179,Mareep,40,40,65,45,35,55,electric,,7.8,0.6,2,0
180,Flaaffy,55,55,80,60,45,70,electric,,13.3,0.8,2,0
181,Ampharos,95,105,165,110,45,90,electric,,61.5,1.4,2,0
182,Bellossom,80,95,90,100,50,75,grass,,5.8,0.4,2,0
183,Marill,20,50,20,50,40,70,water,fairy,8.5,0.4,2,0
184,Azumarill,50,80,60,80,50,100,water,fairy,28.5,0.8,2,0
185,Sudowoodo,100,115,30,65,30,70,rock,,38,1.2,2,0
186,Politoed,75,75,90,100,70,90,water,,33.9,1.1,2,0
187,Hoppip,35,40,35,55,50,35,grass,flying,0.5,0.4,2,0
188,Skiploom,45,50,45,65,80,55,grass,flying,1,0.6,2,0
189,Jumpluff,55,70,55,95,110,75,grass,flying,3,0.8,2,0
190,Aipom,70,55,40,55,85,55,normal,,11.5,0.8,2,0
191,Sunkern,30,30,30,30,30,30,grass,,1.8,0.3,2,0
192,Sunflora,75,55,105,85,30,75,grass,,8.5,0.8,2,0
193,Yanma,65,45,75,45,95,65,bug,flying,38,1.2,2,0
194,Wooper,45,45,25,25,15,55,water,ground,8.5,0.4,2,0
195,Quagsire,85,85,65,65,35,95,water,ground,75,1.4,2,0
196,Espeon,65,60,130,95,110,65,psychic,,26.5,0.9,2,0
197,Umbreon,65,110,60,130,65,95,dark,,27,1,2,0
198,Murkrow,85,42,85,42,91,60,dark,flying,2.1,0.5,2,0
199,Slowking,75,80,100,110,30,95,water,psychic,79.5,2,2,0
200,Misdreavus,60,60,85,85,85,60,ghost,,1,0.7,2,0
201,Unown,72,48,72,48,48,48,psychic,,5,0.5,2,0
202,Wobbuffet,33,58,33,58,33,190,psychic,,28.5,1.3,2,0
203,Girafarig,80,65,90,65,85,70,normal,psychic,41.5,1.5,2,0
204,Pineco,65,90,35,35,15,50,bug,,7.2,0.6,2,0
205,Forretress,90,140,60,60,40,75,bug,steel,125.8,1.2,2,0
206,Dunsparce,70,70,65,65,45,100,normal,,14,1.5,2,0
207,Gligar,75,105,35,65,85,65,ground,flying,64.8,1.1,2,0
208,Steelix,125,230,55,95,30,75,steel,ground,400,9.2,2,0
209,Snubbull,80,50,40,40,30,60,fairy,,7.8,0.6,2,0
210,Granbull,120,75,60,60,45,90,fairy,,48.7,1.4,2,0
211,Qwilfish,95,85,55,55,85,65,water,poison,3.9,0.5,2,0
212,Scizor,150,140,65,100,75,70,bug,steel,118,1.8,2,0
213,Shuckle,10,230,10,230,5,20,bug,rock,20.5,0.6,2,0
214,Heracross,185,115,40,105,75,80,bug,fighting,54,1.5,2,0
215,Sneasel,95,55,35,75,115,55,dark,ice,28,0.9,2,0
216,Teddiursa,80,50,50,50,40,60,normal,,8.8,0.6,2,0
217,Ursaring,130,75,75,75,55,90,normal,,125.8,1.8,2,0
218,Slugma,40,40,70,40,20,40,fire,,35,0.7,2,0
219,Magcargo,50,120,90,80,30,60,fire,rock,55,0.8,2,0
220,Swinub,50,40,30,30,50,50,ice,ground,6.5,0.4,2,0
221,Piloswine,100,80,60,60,50,100,ice,ground,55.8,1.1,2,0
222,Corsola,55,95,65,95,35,65,water,rock,5,0.6,2,0
223,Remoraid,65,35,65,35,65,35,water,,12,0.6,2,0
224,Octillery,105,75,105,75,45,75,water,,28.5,0.9,2,0
225,Delibird,55,45,65,45,75,45,ice,flying,16,0.9,2,0
226,Mantine,40,70,80,140,70,85,water,flying,220,2.1,2,0
227,Skarmory,80,140,40,70,70,65,steel,flying,50.5,1.7,2,0
228,Houndour,60,30,80,50,65,45,dark,fire,10.8,0.6,2,0
229,Houndoom,90,90,140,90,115,75,dark,fire,35,1.4,2,0
230,Kingdra,95,95,95,95,85,75,water,dragon,152,1.8,2,0
231,Phanpy,60,60,40,40,40,90,ground,,33.5,0.5,2,0
232,Donphan,120,120,60,60,50,90,ground,,120,1.1,2,0
233,Porygon2,80,90,105,95,60,85,normal,,32.5,0.6,2,0
234,Stantler,95,62,85,65,85,73,normal,,71.2,1.4,2,0
235,Smeargle,20,35,20,45,75,55,normal,,58,1.2,2,0
236,Tyrogue,35,35,35,35,35,35,fighting,,21,0.7,2,0
237,Hitmontop,95,95,35,110,70,50,fighting,,48,1.4,2,0
238,Smoochum,30,15,85,65,65,45,ice,psychic,6,0.4,2,0
239,Elekid,63,37,65,55,95,45,electric,,23.5,0.6,2,0
240,Magby,75,37,70,55,83,45,fire,,21.4,0.7,2,0
241,Miltank,80,105,40,70,100,95,normal,,75.5,1.2,2,0
242,Blissey,10,10,75,135,55,255,normal,,46.8,1.5,2,0
243,Raikou,85,75,115,100,115,90,electric,,178,1.9,2,1
244,Entei,115,85,90,75,100,115,fire,,198,2.1,2,1
245,Suicune,75,115,90,115,85,100,water,,187,2,2,1
246,Larvitar,64,50,45,50,41,50,rock,ground,72,0.6,2,0
247,Pupitar,84,70,65,70,51,70,rock,ground,152,1.2,2,0
248,Tyranitar,164,150,95,120,71,100,rock,dark,202,2,2,0
249,Lugia,90,130,90,154,110,106,psychic,flying,216,5.2,2,1
250,Ho-Oh,130,90,110,154,90,106,fire,flying,199,3.8,2,1
251,Celebi,100,100,100,100,100,100,psychic,grass,5,0.6,2,1
252,Treecko,45,35,65,55,70,40,grass,,5,0.5,3,0
253,Grovyle,65,45,85,65,95,50,grass,,21.6,0.9,3,0
254,Sceptile,110,75,145,85,145,70,grass,,52.2,1.7,3,0
255,Torchic,60,40,70,50,45,45,fire,,2.5,0.4,3,0
256,Combusken,85,60,85,60,55,60,fire,fighting,19.5,0.9,3,0
257,Blaziken,160,80,130,80,100,80,fire,fighting,52,1.9,3,0
258,Mudkip,70,50,50,50,40,50,water,,7.6,0.4,3,0
259,Marshtomp,85,70,60,70,50,70,water,ground,28,0.7,3,0
260,Swampert,150,110,95,110,70,100,water,ground,81.9,1.5,3,0
261,Poochyena,55,35,30,30,35,35,dark,,13.6,0.5,3,0
262,Mightyena,90,70,60,60,70,70,dark,,37,1,3,0
263,Zigzagoon,30,41,30,41,60,38,normal,,17.5,0.4,3,0
264,Linoone,70,61,50,61,100,78,normal,,32.5,0.5,3,0
265,Wurmple,45,35,20,30,20,45,bug,,3.6,0.3,3,0
266,Silcoon,35,55,25,25,15,50,bug,,10,0.6,3,0
267,Beautifly,70,50,100,50,65,60,bug,flying,28.4,1,3,0
268,Cascoon,35,55,25,25,15,50,bug,,11.5,0.7,3,0
269,Dustox,50,70,50,90,65,60,bug,poison,31.6,1.2,3,0
270,Lotad,30,30,40,50,30,40,water,grass,2.6,0.5,3,0
271,Lombre,50,50,60,70,50,60,water,grass,32.5,1.2,3,0
272,Ludicolo,70,70,90,100,70,80,water,grass,55,1.5,3,0
273,Seedot,40,50,30,30,30,40,grass,,4,0.5,3,0
274,Nuzleaf,70,40,60,40,60,70,grass,dark,28,1,3,0
275,Shiftry,100,60,90,60,80,90,grass,dark,59.6,1.3,3,0
276,Taillow,55,30,30,30,85,40,normal,flying,2.3,0.3,3,0
277,Swellow,85,60,75,50,125,60,normal,flying,19.8,0.7,3,0
278,Wingull,30,30,55,30,85,40,water,flying,9.5,0.6,3,0
279,Pelipper,50,100,95,70,65,60,water,flying,28,1.2,3,0
280,Ralts,25,25,45,35,40,28,psychic,fairy,6.6,0.4,3,0
281,Kirlia,35,35,65,55,50,38,psychic,fairy,20.2,0.8,3,0
282,Gardevoir,85,65,165,135,100,68,psychic,fairy,48.4,1.6,3,0
283,Surskit,30,32,50,52,65,40,bug,water,1.7,0.5,3,0
284,Masquerain,60,62,100,82,80,70,bug,flying,3.6,0.8,3,0
285,Shroomish,40,60,40,60,35,60,grass,,4.5,0.4,3,0
286,Breloom,130,80,60,60,70,60,grass,fighting,39.2,1.2,3,0
287,Slakoth,60,60,35,35,30,60,normal,,24,0.8,3,0
288,Vigoroth,80,80,55,55,90,80,normal,,46.5,1.4,3,0
289,Slaking,160,100,95,65,100,150,normal,,130.5,2,3,0
290,Nincada,45,90,30,30,40,31,bug,ground,5.5,0.5,3,0
291,Ninjask,90,45,50,50,160,61,bug,flying,12,0.8,3,0
292,Shedinja,90,45,30,30,40,1,bug,ghost,1.2,0.8,3,0
293,Whismur,51,23,51,23,28,64,normal,,16.3,0.6,3,0
294,Loudred,71,43,71,43,48,84,normal,,40.5,1,3,0
295,Exploud,91,63,91,73,68,104,normal,,84,1.5,3,0
296,Makuhita,60,30,20,30,25,72,fighting,,86.4,1,3,0
297,Hariyama,120,60,40,60,50,144,fighting,,253.8,2.3,3,0
298,Azurill,20,40,20,40,20,50,normal,fairy,2,0.2,3,0
299,Nosepass,45,135,45,90,30,30,rock,,97,1,3,0
300,Skitty,45,45,35,35,50,50,normal,,11,0.6,3,0
301,Delcatty,65,65,55,55,90,70,normal,,32.6,1.1,3,0
302,Sableye,85,125,85,115,20,50,dark,ghost,11,0.5,3,0
303,Mawile,105,125,55,95,50,50,steel,fairy,11.5,0.6,3,0
304,Aron,70,100,40,40,30,50,steel,rock,60,0.4,3,0
305,Lairon,90,140,50,50,40,60,steel,rock,120,0.9,3,0
306,Aggron,140,230,60,80,50,70,steel,rock,360,2.1,3,0
307,Meditite,40,55,40,55,60,30,fighting,psychic,11.2,0.6,3,0
308,Medicham,100,85,80,85,100,60,fighting,psychic,31.5,1.3,3,0
309,Electrike,45,40,65,40,65,40,electric,,15.2,0.6,3,0
310,Manectric,75,80,135,80,135,70,electric,,40.2,1.5,3,0
311,Plusle,50,40,85,75,95,60,electric,,4.2,0.4,3,0
312,Minun,40,50,75,85,95,60,electric,,4.2,0.4,3,0
313,Volbeat,73,75,47,85,85,65,bug,,17.7,0.7,3,0
314,Illumise,47,75,73,85,85,65,bug,,17.7,0.6,3,0
315,Roselia,60,45,100,80,65,50,grass,poison,2,0.3,3,0
316,Gulpin,43,53,43,53,40,70,poison,,10.3,0.4,3,0
317,Swalot,73,83,73,83,55,100,poison,,80,1.7,3,0
318,Carvanha,90,20,65,20,65,45,water,dark,20.8,0.8,3,0
319,Sharpedo,140,70,110,65,105,70,water,dark,88.8,1.8,3,0
320,Wailmer,70,35,70,35,60,130,water,,130,2,3,0
321,Wailord,90,45,90,45,60,170,water,,398,14.5,3,0
322,Numel,60,40,65,45,35,60,fire,ground,24,0.7,3,0
323,Camerupt,120,100,145,105,20,70,fire,ground,220,1.9,3,0
324,Torkoal,85,140,85,70,20,70,fire,,80.4,0.5,3,0
325,Spoink,25,35,70,80,60,60,psychic,,30.6,0.7,3,0
326,Grumpig,45,65,90,110,80,80,psychic,,71.5,0.9,3,0
327,Spinda,60,60,60,60,60,60,normal,,5,1.1,3,0
328,Trapinch,100,45,45,45,10,45,ground,,15,0.7,3,0
329,Vibrava,70,50,50,50,70,50,ground,dragon,15.3,1.1,3,0
330,Flygon,100,80,80,80,100,80,ground,dragon,82,2,3,0
331,Cacnea,85,40,85,40,35,50,grass,,51.3,0.4,3,0
332,Cacturne,115,60,115,60,55,70,grass,dark,77.4,1.3,3,0
333,Swablu,40,60,40,75,50,45,normal,flying,1.2,0.4,3,0
334,Altaria,110,110,110,105,80,75,dragon,flying,20.6,1.1,3,0
335,Zangoose,115,60,60,60,90,73,normal,,40.3,1.3,3,0
336,Seviper,100,60,100,60,65,73,poison,,52.5,2.7,3,0
337,Lunatone,55,65,95,85,70,90,rock,psychic,168,1,3,0
338,Solrock,95,85,55,65,70,90,rock,psychic,154,1.2,3,0
339,Barboach,48,43,46,41,60,50,water,ground,1.9,0.4,3,0
340,Whiscash,78,73,76,71,60,110,water,ground,23.6,0.9,3,0
341,Corphish,80,65,50,35,35,43,water,,11.5,0.6,3,0
342,Crawdaunt,120,85,90,55,55,63,water,dark,32.8,1.1,3,0
343,Baltoy,40,55,40,70,55,40,ground,psychic,21.5,0.5,3,0
344,Claydol,70,105,70,120,75,60,ground,psychic,108,1.5,3,0
345,Lileep,41,77,61,87,23,66,rock,grass,23.8,1,3,0
346,Cradily,81,97,81,107,43,86,rock,grass,60.4,1.5,3,0
347,Anorith,95,50,40,50,75,45,rock,bug,12.5,0.7,3,0
348,Armaldo,125,100,70,80,45,75,rock,bug,68.2,1.5,3,0
349,Feebas,15,20,10,55,80,20,water,,7.4,0.6,3,0
350,Milotic,60,79,100,125,81,95,water,,162,6.2,3,0
351,Castform,70,70,70,70,70,70,normal,,0.8,0.3,3,0
352,Kecleon,90,70,60,120,40,60,normal,,22,1,3,0
353,Shuppet,75,35,63,33,45,44,ghost,,2.3,0.6,3,0
354,Banette,165,75,93,83,75,64,ghost,,12.5,1.1,3,0
355,Duskull,40,90,30,90,25,20,ghost,,15,0.8,3,0
356,Dusclops,70,130,60,130,25,40,ghost,,30.6,1.6,3,0
357,Tropius,68,83,72,87,51,99,grass,flying,100,2,3,0
358,Chimecho,50,80,95,90,65,75,psychic,,1,0.6,3,0
359,Absol,150,60,115,60,115,65,dark,,47,1.2,3,0
360,Wynaut,23,48,23,48,23,95,psychic,,14,0.6,3,0
361,Snorunt,50,50,50,50,50,50,ice,,16.8,0.7,3,0
362,Glalie,120,80,120,80,100,80,ice,,256.5,1.5,3,0
363,Spheal,40,50,55,50,25,70,ice,water,39.5,0.8,3,0
364,Sealeo,60,70,75,70,45,90,ice,water,87.6,1.1,3,0
365,Walrein,80,90,95,90,65,110,ice,water,150.6,1.4,3,0
366,Clamperl,64,85,74,55,32,35,water,,52.5,0.4,3,0
367,Huntail,104,105,94,75,52,55,water,,27,1.7,3,0
368,Gorebyss,84,105,114,75,52,55,water,,22.6,1.8,3,0
369,Relicanth,90,130,45,65,55,100,water,rock,23.4,1,3,0
370,Luvdisc,30,55,40,65,97,43,water,,8.7,0.6,3,0
371,Bagon,75,60,40,30,50,45,dragon,,42.1,0.6,3,0
372,Shelgon,95,100,60,50,50,65,dragon,,110.5,1.1,3,0
373,Salamence,145,130,120,90,120,95,dragon,flying,102.6,1.5,3,0
374,Beldum,55,80,35,60,30,40,steel,psychic,95.2,0.6,3,0
375,Metang,75,100,55,80,50,60,steel,psychic,202.5,1.2,3,0
376,Metagross,145,150,105,110,110,80,steel,psychic,550,1.6,3,0
377,Regirock,100,200,50,100,50,80,rock,,230,1.7,3,1
378,Regice,50,100,100,200,50,80,ice,,175,1.8,3,1
379,Registeel,75,150,75,150,50,80,steel,,205,1.9,3,1
380,Latias,100,120,140,150,110,80,dragon,psychic,40,1.4,3,1
381,Latios,130,100,160,120,110,80,dragon,psychic,60,2,3,1
382,Kyogre,150,90,180,160,90,100,water,,352,4.5,3,1
383,Groudon,180,160,150,90,90,100,ground,,950,3.5,3,1
384,Rayquaza,180,100,180,100,115,105,dragon,flying,206.5,7,3,1
385,Jirachi,100,100,100,100,100,100,steel,psychic,1.1,0.3,3,1
386,Deoxys,95,90,95,90,180,50,psychic,,60.8,1.7,3,1
387,Turtwig,68,64,45,55,31,55,grass,,10.2,0.4,4,0
388,Grotle,89,85,55,65,36,75,grass,,97,1.1,4,0
389,Torterra,109,105,75,85,56,95,grass,ground,310,2.2,4,0
390,Chimchar,58,44,58,44,61,44,fire,,6.2,0.5,4,0
391,Monferno,78,52,78,52,81,64,fire,fighting,22,0.9,4,0
392,Infernape,104,71,104,71,108,76,fire,fighting,55,1.2,4,0
393,Piplup,51,53,61,56,40,53,water,,5.2,0.4,4,0
394,Prinplup,66,68,81,76,50,64,water,,23,0.8,4,0
395,Empoleon,86,88,111,101,60,84,water,steel,84.5,1.7,4,0
396,Starly,55,30,30,30,60,40,normal,flying,2,0.3,4,0
397,Staravia,75,50,40,40,80,55,normal,flying,15.5,0.6,4,0
398,Staraptor,120,70,50,60,100,85,normal,flying,24.9,1.2,4,0
399,Bidoof,45,40,35,40,31,59,normal,,20,0.5,4,0
400,Bibarel,85,60,55,60,71,79,normal,water,31.5,1,4,0
401,Kricketot,25,41,25,41,25,37,bug,,2.2,0.3,4,0
402,Kricketune,85,51,55,51,65,77,bug,,25.5,1,4,0
403,Shinx,65,34,40,34,45,45,electric,,9.5,0.5,4,0
404,Luxio,85,49,60,49,60,60,electric,,30.5,0.9,4,0
405,Luxray,120,79,95,79,70,80,electric,,42,1.4,4,0
406,Budew,30,35,50,70,55,40,grass,poison,1.2,0.2,4,0
407,Roserade,70,65,125,105,90,60,grass,poison,14.5,0.9,4,0
408,Cranidos,125,40,30,30,58,67,rock,,31.5,0.9,4,0
409,Rampardos,165,60,65,50,58,97,rock,,102.5,1.6,4,0
410,Shieldon,42,118,42,88,30,30,rock,steel,57,0.5,4,0
411,Bastiodon,52,168,47,138,30,60,rock,steel,149.5,1.3,4,0
412,Burmy,29,45,29,45,36,40,bug,,3.4,0.2,4,0
413,Wormadam,69,95,69,95,36,60,bug,grass,6.5,0.5,4,0
414,Mothim,94,50,94,50,66,70,bug,flying,23.3,0.9,4,0
415,Combee,30,42,30,42,70,30,bug,flying,5.5,0.3,4,0
416,Vespiquen,80,102,80,102,40,70,bug,flying,38.5,1.2,4,0
417,Pachirisu,45,70,45,90,95,60,electric,,3.9,0.4,4,0
418,Buizel,65,35,60,30,85,55,water,,29.5,0.7,4,0
419,Floatzel,105,55,85,50,115,85,water,,33.5,1.1,4,0
420,Cherubi,35,45,62,53,35,45,grass,,3.3,0.4,4,0
421,Cherrim,60,70,87,78,85,70,grass,,9.3,0.5,4,0
422,Shellos,48,48,57,62,34,76,water,,6.3,0.3,4,0
423,Gastrodon,83,68,92,82,39,111,water,ground,29.9,0.9,4,0
424,Ambipom,100,66,60,66,115,75,normal,,20.3,1.2,4,0
425,Drifloon,50,34,60,44,70,90,ghost,flying,1.2,0.4,4,0
426,Drifblim,80,44,90,54,80,150,ghost,flying,15,1.2,4,0
427,Buneary,66,44,44,56,85,55,normal,,5.5,0.4,4,0
428,Lopunny,136,94,54,96,135,65,normal,,33.3,1.2,4,0
429,Mismagius,60,60,105,105,105,60,ghost,,4.4,0.9,4,0
430,Honchkrow,125,52,105,52,71,100,dark,flying,27.3,0.9,4,0
431,Glameow,55,42,42,37,85,49,normal,,3.9,0.5,4,0
432,Purugly,82,64,64,59,112,71,normal,,43.8,1,4,0
433,Chingling,30,50,65,50,45,45,psychic,,0.6,0.2,4,0
434,Stunky,63,47,41,41,74,63,poison,dark,19.2,0.4,4,0
435,Skuntank,93,67,71,61,84,103,poison,dark,38,1,4,0
436,Bronzor,24,86,24,86,23,57,steel,psychic,60.5,0.5,4,0
437,Bronzong,89,116,79,116,33,67,steel,psychic,187,1.3,4,0
438,Bonsly,80,95,10,45,10,50,rock,,15,0.5,4,0
439,Mime Jr.,25,45,70,90,60,20,psychic,fairy,13,0.6,4,0
440,Happiny,5,5,15,65,30,100,normal,,24.4,0.6,4,0
441,Chatot,65,45,92,42,91,76,normal,flying,1.9,0.5,4,0
442,Spiritomb,92,108,92,108,35,50,ghost,dark,108,1,4,0
443,Gible,70,45,40,45,42,58,dragon,ground,20.5,0.7,4,0
444,Gabite,90,65,50,55,82,68,dragon,ground,56,1.4,4,0
445,Garchomp,170,115,120,95,92,108,dragon,ground,95,1.9,4,0
446,Munchlax,85,40,40,85,5,135,normal,,105,0.6,4,0
447,Riolu,70,40,35,40,60,40,fighting,,20.2,0.7,4,0
448,Lucario,145,88,140,70,112,70,fighting,steel,54,1.2,4,0
449,Hippopotas,72,78,38,42,32,68,ground,,49.5,0.8,4,0
450,Hippowdon,112,118,68,72,47,108,ground,,300,2,4,0
451,Skorupi,50,90,30,55,65,40,poison,bug,12,0.8,4,0
452,Drapion,90,110,60,75,95,70,poison,dark,61.5,1.3,4,0
453,Croagunk,61,40,61,40,50,48,poison,fighting,23,0.7,4,0
454,Toxicroak,106,65,86,65,85,83,poison,fighting,44.4,1.3,4,0
455,Carnivine,100,72,90,72,46,74,grass,,27,1.4,4,0
456,Finneon,49,56,49,61,66,49,water,,7,0.4,4,0
457,Lumineon,69,76,69,86,91,69,water,,24,1.2,4,0
458,Mantyke,20,50,60,120,50,45,water,flying,65,1,4,0
459,Snover,62,50,62,60,40,60,grass,ice,50.5,1,4,0
460,Abomasnow,132,105,132,105,30,90,grass,ice,135.5,2.2,4,0
461,Weavile,120,65,45,85,125,70,dark,ice,34,1.1,4,0
462,Magnezone,70,115,130,90,60,70,electric,steel,180,1.2,4,0
463,Lickilicky,85,95,80,95,50,110,normal,,140,1.7,4,0
464,Rhyperior,140,130,55,55,40,115,ground,rock,282.8,2.4,4,0
465,Tangrowth,100,125,110,50,50,100,grass,,128.6,2,4,0
466,Electivire,123,67,95,85,95,75,electric,,138.6,1.8,4,0
467,Magmortar,95,67,125,95,83,75,fire,,68,1.6,4,0
468,Togekiss,50,95,120,115,80,85,fairy,flying,38,1.5,4,0
469,Yanmega,76,86,116,56,95,86,bug,flying,51.5,1.9,4,0
470,Leafeon,110,130,60,65,95,65,grass,,25.5,1,4,0
471,Glaceon,60,110,130,95,65,65,ice,,25.9,0.8,4,0
472,Gliscor,95,125,45,75,95,75,ground,flying,42.5,2,4,0
473,Mamoswine,130,80,70,60,80,110,ice,ground,291,2.5,4,0
474,Porygon-Z,80,70,135,75,90,85,normal,,34,0.9,4,0
475,Gallade,165,95,65,115,110,68,psychic,fighting,52,1.6,4,0
476,Probopass,55,145,75,150,40,60,rock,steel,340,1.4,4,0
477,Dusknoir,100,135,65,135,45,45,ghost,,106.6,2.2,4,0
478,Froslass,80,70,80,70,110,70,ice,ghost,26.6,1.3,4,0
479,Rotom,65,107,105,107,86,50,electric,ghost,0.3,0.3,4,0
480,Uxie,75,130,75,130,95,75,psychic,,0.3,0.3,4,1
481,Mesprit,105,105,105,105,80,80,psychic,,0.3,0.3,4,1
482,Azelf,125,70,125,70,115,75,psychic,,0.3,0.3,4,1
483,Dialga,120,120,150,100,90,100,steel,dragon,683,5.4,4,1
484,Palkia,120,100,150,120,100,90,water,dragon,336,4.2,4,1
485,Heatran,90,106,130,106,77,91,fire,steel,430,1.7,4,1
486,Regigigas,160,110,80,110,100,110,normal,,420,3.7,4,1
487,Giratina,120,100,120,100,90,150,ghost,dragon,750,4.5,4,1
488,Cresselia,70,120,75,130,85,120,psychic,,85.6,1.5,4,1
489,Phione,80,80,80,80,80,80,water,,3.1,0.4,4,0
490,Manaphy,100,100,100,100,100,100,water,,1.4,0.3,4,1
491,Darkrai,90,90,135,90,125,70,dark,,50.5,1.5,4,1
492,Shaymin,103,75,120,75,127,100,grass,grass,2.1,0.2,4,1
493,Arceus,120,120,120,120,120,120,normal,,320,3.2,4,1
494,Victini,100,100,100,100,100,100,psychic,fire,4,0.4,5,1
495,Snivy,45,55,45,55,63,45,grass,,8.1,0.6,5,0
496,Servine,60,75,60,75,83,60,grass,,16,0.8,5,0
497,Serperior,75,95,75,95,113,75,grass,,63,3.3,5,0
498,Tepig,63,45,45,45,45,65,fire,,9.9,0.5,5,0
499,Pignite,93,55,70,55,55,90,fire,fighting,55.5,1,5,0
500,Emboar,123,65,100,65,65,110,fire,fighting,150,1.6,5,0
501,Oshawott,55,45,63,45,45,55,water,,5.9,0.5,5,0
502,Dewott,75,60,83,60,60,75,water,,24.5,0.8,5,0
503,Samurott,100,85,108,70,70,95,water,,94.6,1.5,5,0
504,Patrat,55,39,35,39,42,45,normal,,11.6,0.5,5,0
505,Watchog,85,69,60,69,77,60,normal,,27,1.1,5,0
506,Lillipup,60,45,25,45,55,45,normal,,4.1,0.4,5,0
507,Herdier,80,65,35,65,60,65,normal,,14.7,0.9,5,0
508,Stoutland,110,90,45,90,80,85,normal,,61,1.2,5,0
509,Purrloin,50,37,50,37,66,41,dark,,10.1,0.4,5,0
510,Liepard,88,50,88,50,106,64,dark,,37.5,1.1,5,0
511,Pansage,53,48,53,48,64,50,grass,,10.5,0.6,5,0
512,Simisage,98,63,98,63,101,75,grass,,30.5,1.1,5,0
513,Pansear,53,48,53,48,64,50,fire,,11,0.6,5,0
514,Simisear,98,63,98,63,101,75,fire,,28,1,5,0
515,Panpour,53,48,53,48,64,50,water,,13.5,0.6,5,0
516,Simipour,98,63,98,63,101,75,water,,29,1,5,0
517,Munna,25,45,67,55,24,76,psychic,,23.3,0.6,5,0
518,Musharna,55,85,107,95,29,116,psychic,,60.5,1.1,5,0
519,Pidove,55,50,36,30,43,50,normal,flying,2.1,0.3,5,0
520,Tranquill,77,62,50,42,65,62,normal,flying,15,0.6,5,0
521,Unfezant,115,80,65,55,93,80,normal,flying,29,1.2,5,0
522,Blitzle,60,32,50,32,76,45,electric,,29.8,0.8,5,0
523,Zebstrika,100,63,80,63,116,75,electric,,79.5,1.6,5,0
524,Roggenrola,75,85,25,25,15,55,rock,,18,0.4,5,0
525,Boldore,105,105,50,40,20,70,rock,,102,0.9,5,0
526,Gigalith,135,130,60,80,25,85,rock,,260,1.7,5,0
527,Woobat,45,43,55,43,72,65,psychic,flying,2.1,0.4,5,0
528,Swoobat,57,55,77,55,114,67,psychic,flying,10.5,0.9,5,0
529,Drilbur,85,40,30,45,68,60,ground,,8.5,0.3,5,0
530,Excadrill,135,60,50,65,88,110,ground,steel,40.4,0.7,5,0
531,Audino,60,126,80,126,50,103,normal,,31,1.1,5,0
532,Timburr,80,55,25,35,35,75,fighting,,12.5,0.6,5,0
533,Gurdurr,105,85,40,50,40,85,fighting,,40,1.2,5,0
534,Conkeldurr,140,95,55,65,45,105,fighting,,87,1.4,5,0
535,Tympole,50,40,50,40,64,50,water,,4.5,0.5,5,0
536,Palpitoad,65,55,65,55,69,75,water,ground,17,0.8,5,0
537,Seismitoad,95,75,85,75,74,105,water,ground,62,1.5,5,0
538,Throh,100,85,30,85,45,120,fighting,,55.5,1.3,5,0
539,Sawk,125,75,30,75,85,75,fighting,,51,1.4,5,0
540,Sewaddle,53,70,40,60,42,45,bug,grass,2.5,0.3,5,0
541,Swadloon,63,90,50,80,42,55,bug,grass,7.3,0.5,5,0
542,Leavanny,103,80,70,80,92,75,bug,grass,20.5,1.2,5,0
543,Venipede,45,59,30,39,57,30,bug,poison,5.3,0.4,5,0
544,Whirlipede,55,99,40,79,47,40,bug,poison,58.5,1.2,5,0
545,Scolipede,100,89,55,69,112,60,bug,poison,200.5,2.5,5,0
546,Cottonee,27,60,37,50,66,40,grass,fairy,0.6,0.3,5,0
547,Whimsicott,67,85,77,75,116,60,grass,fairy,6.6,0.7,5,0
548,Petilil,35,50,70,50,30,45,grass,,6.6,0.5,5,0
549,Lilligant,60,75,110,75,90,70,grass,,16.3,1.1,5,0
550,Basculin,92,65,80,55,98,70,water,,18,1,5,0
551,Sandile,72,35,35,35,65,50,ground,dark,15.2,0.7,5,0
552,Krokorok,82,45,45,45,74,60,ground,dark,33.4,1,5,0
553,Krookodile,117,80,65,70,92,95,ground,dark,96.3,1.5,5,0
554,Darumaka,90,45,15,45,50,70,fire,,37.5,0.6,5,0
555,Darmanitan,30,105,140,105,55,105,fire,fire,92.9,1.3,5,0
556,Maractus,86,67,106,67,60,75,grass,,28,1,5,0
557,Dwebble,65,85,35,35,55,50,bug,rock,14.5,0.3,5,0
558,Crustle,105,125,65,75,45,70,bug,rock,200,1.4,5,0
559,Scraggy,75,70,35,70,48,50,dark,fighting,11.8,0.6,5,0
560,Scrafty,90,115,45,115,58,65,dark,fighting,30,1.1,5,0
561,Sigilyph,58,80,103,80,97,72,psychic,flying,14,1.4,5,0
562,Yamask,30,85,55,65,30,38,ghost,,1.5,0.5,5,0
563,Cofagrigus,50,145,95,105,30,58,ghost,,76.5,1.7,5,0
564,Tirtouga,78,103,53,45,22,54,water,rock,16.5,0.7,5,0
565,Carracosta,108,133,83,65,32,74,water,rock,81,1.2,5,0
566,Archen,112,45,74,45,70,55,rock,flying,9.5,0.5,5,0
567,Archeops,140,65,112,65,110,75,rock,flying,32,1.4,5,0
568,Trubbish,50,62,40,62,65,50,poison,,31,0.6,5,0
569,Garbodor,95,82,60,82,75,80,poison,,107.3,1.9,5,0
570,Zorua,65,40,80,40,65,40,dark,,12.5,0.7,5,0
571,Zoroark,105,60,120,60,105,60,dark,,81.1,1.6,5,0
572,Minccino,50,40,40,40,75,55,normal,,5.8,0.4,5,0
573,Cinccino,95,60,65,60,115,75,normal,,7.5,0.5,5,0
574,Gothita,30,50,55,65,45,45,psychic,,5.8,0.4,5,0
575,Gothorita,45,70,75,85,55,60,psychic,,18,0.7,5,0
576,Gothitelle,55,95,95,110,65,70,psychic,,44,1.5,5,0
577,Solosis,30,40,105,50,20,45,psychic,,1,0.3,5,0
578,Duosion,40,50,125,60,30,65,psychic,,8,0.6,5,0
579,Reuniclus,65,75,125,85,30,110,psychic,,20.1,1,5,0
580,Ducklett,44,50,44,50,55,62,water,flying,5.5,0.5,5,0
581,Swanna,87,63,87,63,98,75,water,flying,24.2,1.3,5,0
582,Vanillite,50,50,65,60,44,36,ice,,5.7,0.4,5,0
583,Vanillish,65,65,80,75,59,51,ice,,41,1.1,5,0
584,Vanilluxe,95,85,110,95,79,71,ice,,57.5,1.3,5,0
585,Deerling,60,50,40,50,75,60,normal,grass,19.5,0.6,5,0
586,Sawsbuck,100,70,60,70,95,80,normal,grass,92.5,1.9,5,0
587,Emolga,75,60,75,60,103,55,electric,flying,5,0.4,5,0
588,Karrablast,75,45,40,45,60,50,bug,,5.9,0.5,5,0
589,Escavalier,135,105,60,105,20,70,bug,steel,33,1,5,0
590,Foongus,55,45,55,55,15,69,grass,poison,1,0.2,5,0
591,Amoonguss,85,70,85,80,30,114,grass,poison,10.5,0.6,5,0
592,Frillish,40,50,65,85,40,55,water,ghost,33,1.2,5,0
593,Jellicent,60,70,85,105,60,100,water,ghost,135,2.2,5,0
594,Alomomola,75,80,40,45,65,165,water,,31.6,1.2,5,0
595,Joltik,47,50,57,50,65,50,bug,electric,0.6,0.1,5,0
596,Galvantula,77,60,97,60,108,70,bug,electric,14.3,0.8,5,0
597,Ferroseed,50,91,24,86,10,44,grass,steel,18.8,0.6,5,0
598,Ferrothorn,94,131,54,116,20,74,grass,steel,110,1,5,0
599,Klink,55,70,45,60,30,40,steel,,21,0.3,5,0
600,Klang,80,95,70,85,50,60,steel,,51,0.6,5,0
601,Klinklang,100,115,70,85,90,60,steel,,81,0.6,5,0
602,Tynamo,55,40,45,40,60,35,electric,,0.3,0.2,5,0
603,Eelektrik,85,70,75,70,40,65,electric,,22,1.2,5,0
604,Eelektross,115,80,105,80,50,85,electric,,80.5,2.1,5,0
605,Elgyem,55,55,85,55,30,55,psychic,,9,0.5,5,0
606,Beheeyem,75,75,125,95,40,75,psychic,,34.5,1,5,0
607,Litwick,30,55,65,55,20,50,ghost,fire,3.1,0.3,5,0
608,Lampent,40,60,95,60,55,60,ghost,fire,13,0.6,5,0
609,Chandelure,55,90,145,90,80,60,ghost,fire,34.3,1,5,0
610,Axew,87,60,30,40,57,46,dragon,,18,0.6,5,0
611,Fraxure,117,70,40,50,67,66,dragon,,36,1,5,0
612,Haxorus,147,90,60,70,97,76,dragon,,105.5,1.8,5,0
613,Cubchoo,70,40,60,40,40,55,ice,,8.5,0.5,5,0
614,Beartic,130,80,70,80,50,95,ice,,260,2.6,5,0
615,Cryogonal,50,50,95,135,105,80,ice,,148,1.1,5,0
616,Shelmet,40,85,40,65,25,50,bug,,7.7,0.4,5,0
617,Accelgor,70,40,100,60,145,80,bug,,25.3,0.8,5,0
618,Stunfisk,66,84,81,99,32,109,ground,electric,11,0.7,5,0
619,Mienfoo,85,50,55,50,65,45,fighting,,20,0.9,5,0
620,Mienshao,125,60,95,60,105,65,fighting,,35.5,1.4,5,0
621,Druddigon,120,90,60,90,48,77,dragon,,139,1.6,5,0
622,Golett,74,50,35,50,35,59,ground,ghost,92,1,5,0
623,Golurk,124,80,55,80,55,89,ground,ghost,330,2.8,5,0
624,Pawniard,85,70,40,40,60,45,dark,steel,10.2,0.5,5,0
625,Bisharp,125,100,60,70,70,65,dark,steel,70,1.6,5,0
626,Bouffalant,110,95,40,95,55,95,normal,,94.6,1.6,5,0
627,Rufflet,83,50,37,50,60,70,normal,flying,10.5,0.5,5,0
628,Braviary,123,75,57,75,80,100,normal,flying,41,1.5,5,0
629,Vullaby,55,75,45,65,60,70,dark,flying,9,0.5,5,0
630,Mandibuzz,65,105,55,95,80,110,dark,flying,39.5,1.2,5,0
631,Heatmor,97,66,105,66,65,85,fire,,58,1.4,5,0
632,Durant,109,112,48,48,109,58,bug,steel,33,0.3,5,0
633,Deino,65,50,45,50,38,52,dark,dragon,17.3,0.8,5,0
634,Zweilous,85,70,65,70,58,72,dark,dragon,50,1.4,5,0
635,Hydreigon,105,90,125,90,98,92,dark,dragon,160,1.8,5,0
636,Larvesta,85,55,50,55,60,55,bug,fire,28.8,1.1,5,0
637,Volcarona,60,65,135,105,100,85,bug,fire,46,1.6,5,0
638,Cobalion,90,129,90,72,108,91,steel,fighting,250,2.1,5,1
639,Terrakion,129,90,72,90,108,91,rock,fighting,260,1.9,5,1
640,Virizion,90,72,90,129,108,91,grass,fighting,200,2,5,1
641,Tornadus,100,80,110,90,121,79,flying,,63,1.5,5,1
642,Thundurus,105,70,145,80,101,79,electric,flying,61,1.5,5,1
643,Reshiram,120,100,150,120,90,100,dragon,fire,330,3.2,5,1
644,Zekrom,150,120,120,100,90,100,dragon,electric,345,2.9,5,1
645,Landorus,145,90,105,80,91,89,ground,flying,68,1.5,5,1
646,Kyurem,120,90,170,100,95,125,dragon,ice,325,3,5,1
647,Keldeo,72,90,129,90,108,91,water,fighting,48.5,1.4,5,1
648,Meloetta,128,90,77,77,128,100,normal,psychic,6.5,0.6,5,1
649,Genesect,120,95,120,95,99,71,bug,steel,82.5,1.5,5,1
650,Chespin,61,65,48,45,38,56,grass,,9,0.4,6,0
651,Quilladin,78,95,56,58,57,61,grass,,29,0.7,6,0
652,Chesnaught,107,122,74,75,64,88,grass,fighting,90,1.6,6,0
653,Fennekin,45,40,62,60,60,40,fire,,9.4,0.4,6,0
654,Braixen,59,58,90,70,73,59,fire,,14.5,1,6,0
655,Delphox,69,72,114,100,104,75,fire,psychic,39,1.5,6,0
656,Froakie,56,40,62,44,71,41,water,,7,0.3,6,0
657,Frogadier,63,52,83,56,97,54,water,,10.9,0.6,6,0
658,Greninja,145,67,153,71,132,72,water,dark,40,1.5,6,0
659,Bunnelby,36,38,32,36,57,38,normal,,5,0.4,6,0
660,Diggersby,56,77,50,77,78,85,normal,ground,42.4,1,6,0
661,Fletchling,50,43,40,38,62,45,normal,flying,1.7,0.3,6,0
662,Fletchinder,73,55,56,52,84,62,fire,flying,16,0.7,6,0
663,Talonflame,81,71,74,69,126,78,fire,flying,24.5,1.2,6,0
664,Scatterbug,35,40,27,25,35,38,bug,,2.5,0.3,6,0
665,Spewpa,22,60,27,30,29,45,bug,,8.4,0.3,6,0
666,Vivillon,52,50,90,50,89,80,bug,flying,17,1.2,6,0
667,Litleo,50,58,73,54,72,62,fire,normal,13.5,0.6,6,0
668,Pyroar,68,72,109,66,106,86,fire,normal,81.5,1.5,6,0
669,Flabébé,38,39,61,79,42,44,fairy,,0.1,0.1,6,0
670,Floette,65,67,125,128,92,74,fairy,,0.9,0.2,6,0
671,Florges,65,68,112,154,75,78,fairy,,10,1.1,6,0
672,Skiddo,65,48,62,57,52,66,grass,,31,0.9,6,0
673,Gogoat,100,62,97,81,68,123,grass,,91,1.7,6,0
674,Pancham,82,62,46,48,43,67,fighting,,8,0.6,6,0
675,Pangoro,124,78,69,71,58,95,fighting,dark,136,2.1,6,0
676,Furfrou,80,60,65,90,102,75,normal,,28,1.2,6,0
677,Espurr,48,54,63,60,68,62,psychic,,3.5,0.3,6,0
678,Meowstic,48,76,83,81,104,74,psychic,,8.5,0.6,6,0
679,Honedge,80,100,35,37,28,45,steel,ghost,2,0.8,6,0
680,Doublade,110,150,45,49,35,59,steel,ghost,4.5,0.8,6,0
681,Aegislash,150,50,150,50,60,60,steel,ghost,53,1.7,6,0
682,Spritzee,52,60,63,65,23,78,fairy,,0.5,0.2,6,0
683,Aromatisse,72,72,99,89,29,101,fairy,,15.5,0.8,6,0
684,Swirlix,48,66,59,57,49,62,fairy,,3.5,0.4,6,0
685,Slurpuff,80,86,85,75,72,82,fairy,,5,0.8,6,0
686,Inkay,54,53,37,46,45,53,dark,psychic,3.5,0.4,6,0
687,Malamar,92,88,68,75,73,86,dark,psychic,47,1.5,6,0
688,Binacle,52,67,39,56,50,42,rock,water,31,0.5,6,0
689,Barbaracle,105,115,54,86,68,72,rock,water,96,1.3,6,0
690,Skrelp,60,60,60,60,30,50,poison,water,7.3,0.5,6,0
691,Dragalge,75,90,97,123,44,65,poison,dragon,81.5,1.8,6,0
692,Clauncher,53,62,58,63,44,50,water,,8.3,0.5,6,0
693,Clawitzer,73,88,120,89,59,71,water,,35.3,1.3,6,0
694,Helioptile,38,33,61,43,70,44,electric,normal,6,0.5,6,0
695,Heliolisk,55,52,109,94,109,62,electric,normal,21,1,6,0
696,Tyrunt,89,77,45,45,48,58,rock,dragon,26,0.8,6,0
697,Tyrantrum,121,119,69,59,71,82,rock,dragon,270,2.5,6,0
698,Amaura,59,50,67,63,46,77,rock,ice,25.2,1.3,6,0
699,Aurorus,77,72,99,92,58,123,rock,ice,225,2.7,6,0
700,Sylveon,65,65,110,130,60,95,fairy,,23.5,1,6,0
701,Hawlucha,92,75,74,63,118,78,fighting,flying,21.5,0.8,6,0
702,Dedenne,58,57,81,67,101,67,electric,fairy,2.2,0.2,6,0
703,Carbink,50,150,50,150,50,50,rock,fairy,5.7,0.3,6,0
704,Goomy,50,35,55,75,40,45,dragon,,2.8,0.3,6,0
705,Sliggoo,75,53,83,113,60,68,dragon,,17.5,0.8,6,0
706,Goodra,100,70,110,150,80,90,dragon,,150.5,2,6,0
707,Klefki,80,91,80,87,75,57,steel,fairy,3,0.2,6,0
708,Phantump,70,48,50,60,38,43,ghost,grass,7,0.4,6,0
709,Trevenant,110,76,65,82,56,85,ghost,grass,71,1.5,6,0
710,Pumpkaboo,66,70,44,55,41,59,ghost,grass,15,0.8,6,0
711,Gourgeist,100,122,58,75,54,85,ghost,grass,39,1.7,6,0
712,Bergmite,69,85,32,35,28,55,ice,,99.5,1,6,0
713,Avalugg,117,184,44,46,28,95,ice,,505,2,6,0
714,Noibat,30,35,45,40,55,40,flying,dragon,8,0.5,6,0
715,Noivern,70,80,97,80,123,85,flying,dragon,85,1.5,6,0
716,Xerneas,131,95,131,98,99,126,fairy,,215,3,6,1
717,Yveltal,131,95,131,98,99,126,dark,flying,203,5.8,6,1
718,Zygarde,100,121,91,95,85,216,dragon,ground,284.6,5,6,1
719,Diancie,160,110,160,110,110,50,rock,fairy,8.8,0.7,6,1
720,Hoopa,160,60,170,130,80,80,psychic,ghost,,,6,1
721,Volcanion,110,120,130,90,70,80,fire,water,195,1.7,6,1
722,Rowlet,55,55,50,50,42,68,grass,flying,1.5,0.3,7,0
723,Dartrix,75,75,70,70,52,78,grass,flying,16,0.7,7,0
724,Decidueye,107,75,100,100,70,78,grass,ghost,36.6,1.6,7,0
725,Litten,65,40,60,40,70,45,fire,,4.3,0.4,7,0
726,Torracat,85,50,80,50,90,65,fire,,25,0.7,7,0
727,Incineroar,115,90,80,90,60,95,fire,dark,83,1.8,7,0
728,Popplio,54,54,66,56,40,50,water,,7.5,0.4,7,0
729,Brionne,69,69,91,81,50,60,water,,17.5,0.6,7,0
730,Primarina,74,74,126,116,60,80,water,fairy,44,1.8,7,0
731,Pikipek,75,30,30,30,65,35,normal,flying,1.2,0.3,7,0
732,Trumbeak,85,50,40,50,75,55,normal,flying,14.8,0.6,7,0
733,Toucannon,120,75,75,75,60,80,normal,flying,26,1.1,7,0
734,Yungoos,70,30,30,30,45,48,normal,,6,0.4,7,0
735,Gumshoos,110,60,55,60,45,88,normal,,14.2,0.7,7,0
736,Grubbin,62,45,55,45,46,47,bug,,4.4,0.4,7,0
737,Charjabug,82,95,55,75,36,57,bug,electric,10.5,0.5,7,0
738,Vikavolt,70,90,145,75,43,77,bug,electric,45,1.5,7,0
739,Crabrawler,82,57,42,47,63,47,fighting,,7,0.6,7,0
740,Crabominable,132,77,62,67,43,97,fighting,ice,180,1.7,7,0
741,Oricorio,70,70,98,70,93,75,fire,flying,3.4,0.6,7,0
742,Cutiefly,45,40,55,40,84,40,bug,fairy,0.2,0.1,7,0
743,Ribombee,55,60,95,70,124,60,bug,fairy,0.5,0.2,7,0
744,Rockruff,65,40,30,40,60,45,rock,,9.2,0.5,7,0
745,Lycanroc,115,75,55,75,82,85,rock,,,,7,0
746,Wishiwashi,140,130,140,135,30,45,water,,0.3,0.2,7,0
747,Mareanie,53,62,43,52,45,50,poison,water,8,0.4,7,0
748,Toxapex,63,152,53,142,35,50,poison,water,14.5,0.7,7,0
749,Mudbray,100,70,45,55,45,70,ground,,110,1,7,0
750,Mudsdale,125,100,55,85,35,100,ground,,920,2.5,7,0
751,Dewpider,40,52,40,72,27,38,water,bug,4,0.3,7,0
752,Araquanid,70,92,50,132,42,68,water,bug,82,1.8,7,0
753,Fomantis,55,35,50,35,35,40,grass,,1.5,0.3,7,0
754,Lurantis,105,90,80,90,45,70,grass,,18.5,0.9,7,0
755,Morelull,35,55,65,75,15,40,grass,fairy,1.5,0.2,7,0
756,Shiinotic,45,80,90,100,30,60,grass,fairy,11.5,1,7,0
757,Salandit,44,40,71,40,77,48,poison,fire,4.8,0.6,7,0
758,Salazzle,64,60,111,60,117,68,poison,fire,22.2,1.2,7,0
759,Stufful,75,50,45,50,50,70,normal,fighting,6.8,0.5,7,0
760,Bewear,125,80,55,60,60,120,normal,fighting,135,2.1,7,0
761,Bounsweet,30,38,30,38,32,42,grass,,3.2,0.3,7,0
762,Steenee,40,48,40,48,62,52,grass,,8.2,0.7,7,0
763,Tsareena,120,98,50,98,72,72,grass,,21.4,1.2,7,0
764,Comfey,52,90,82,110,100,51,fairy,,0.3,0.1,7,0
765,Oranguru,60,80,90,110,60,90,normal,psychic,76,1.5,7,0
766,Passimian,120,90,40,60,80,100,fighting,,82.8,2,7,0
767,Wimpod,35,40,20,30,80,25,bug,water,12,0.5,7,0
768,Golisopod,125,140,60,90,40,75,bug,water,108,2,7,0
769,Sandygast,55,80,70,45,15,55,ghost,ground,70,0.5,7,0
770,Palossand,75,110,100,75,35,85,ghost,ground,250,1.3,7,0
771,Pyukumuku,60,130,30,130,5,55,water,,1.2,0.3,7,0
772,Type: Null,95,95,95,95,59,95,normal,,120.5,1.9,7,0
773,Silvally,95,95,95,95,95,95,normal,,100.5,2.3,7,0
774,Minior,100,60,100,60,120,60,rock,flying,40,0.3,7,0
775,Komala,115,65,75,95,65,65,normal,,19.9,0.4,7,0
776,Turtonator,78,135,91,85,36,60,fire,dragon,212,2,7,0
777,Togedemaru,98,63,40,73,96,65,electric,steel,3.3,0.3,7,0
778,Mimikyu,90,80,50,105,96,55,ghost,fairy,0.7,0.2,7,0
779,Bruxish,105,70,70,70,92,68,water,psychic,19,0.9,7,0
780,Drampa,60,85,135,91,36,78,normal,dragon,185,3,7,0
781,Dhelmise,131,100,86,90,40,70,ghost,grass,210,3.9,7,0
782,Jangmo-o,55,65,45,45,45,45,dragon,,29.7,0.6,7,0
783,Hakamo-o,75,90,65,70,65,55,dragon,fighting,47,1.2,7,0
784,Kommo-o,110,125,100,105,85,75,dragon,fighting,78.2,1.6,7,0
785,Tapu Koko,115,85,95,75,130,70,electric,fairy,20.5,1.8,7,1
786,Tapu Lele,85,75,130,115,95,70,psychic,fairy,18.6,1.2,7,1
787,Tapu Bulu,130,115,85,95,75,70,grass,fairy,45.5,1.9,7,1
788,Tapu Fini,75,115,95,130,85,70,water,fairy,21.2,1.3,7,1
789,Cosmog,29,31,29,31,37,43,psychic,,0.1,0.2,7,1
790,Cosmoem,29,131,29,131,37,43,psychic,,999.9,0.1,7,1
791,Solgaleo,137,107,113,89,97,137,psychic,steel,230,3.4,7,1
792,Lunala,113,89,137,107,97,137,psychic,ghost,120,4,7,1
793,Nihilego,53,47,127,131,103,109,rock,poison,55.5,1.2,7,1
794,Buzzwole,139,139,53,53,79,107,bug,fighting,333.6,2.4,7,1
795,Pheromosa,137,37,137,37,151,71,bug,fighting,25,1.8,7,1
796,Xurkitree,89,71,173,71,83,83,electric,,100,3.8,7,1
797,Celesteela,101,103,107,101,61,97,steel,flying,999.9,9.2,7,1
798,Kartana,181,131,59,31,109,59,grass,steel,0.1,0.3,7,1
799,Guzzlord,101,53,97,53,43,223,dark,dragon,888,5.5,7,1
800,Necrozma,107,101,127,89,79,97,psychic,,230,2.4,7,1
801,Magearna,95,115,130,115,65,80,steel,fairy,80.5,1,7,1
